K,N,stage,time_ms,gflops,speedup,instructions,cycles,ipc,branches,branch_misses,branch_miss_rate_pct,branch_mpki,l1_loads,l1_misses,l1_miss_rate_pct,l1_mpki
3,256,naive,0.625,1.89,1.0,13560848,5167056,2.62448249060974,1997619,16993,0.8506627139609705,1.2530927269445098,2548984,26412,1.0361775515264122,1.9476658096897776
3,256,reorder,0.409,2.88,1.528117359413203,11758849,4976476,2.36288670939034,1739461,19088,1.097351420928667,1.6232881296460222,2547188,27691,1.0871203853033227,2.354907355303227
3,256,unroll,0.174,6.76,3.591954022988506,9061596,4783592,1.8943078757552902,1267025,17389,1.3724275369467849,1.9189776282235493,2051701,27047,1.318272009420476,2.9847942901007727
3,256,tile,0.495,2.38,1.2626262626262625,13734753,5261299,2.610525081353483,1994638,16903,0.847421938216358,1.2306737514682644,2610372,26333,1.0087834224394072,1.9172532625814238
3,256,simd,0.082,14.34,7.621951219512195,8235378,4207271,1.9574156264238742,1247232,16796,1.3466620484400658,2.039493512016085,1508901,25830,1.7118419299874545,3.1364680528325475
3,256,optimized,0.041,28.54,15.24390243902439,7797882,4312019,1.808406224555133,1162006,17140,1.47503541289804,2.1980327478666646,1459945,29139,1.9958971057128863,3.7367839113236134
3,512,naive,1.947,2.42,1.0,44640821,13023123,3.4278122843499212,6283095,19070,0.303512838815902,0.4271874838502634,7800545,41044,0.5261683638771394,0.9194275347220877
3,512,reorder,1.21,3.9,1.6090909090909091,37405172,11654652,3.209462796486759,5246719,23619,0.4501670472537218,0.6314367435604894,7800341,43928,0.5631548672038825,1.1743830505578212
3,512,unroll,0.686,6.88,2.8381924198250728,26412097,10601159,2.491434851604433,3326537,18675,0.561394627506022,0.7070623737297345,5759144,41332,0.7176760990869476,1.564888997643769
3,512,tile,1.952,2.42,0.997438524590164,45410826,13139587,3.45603145669647,6278328,19293,0.3072951906940829,0.424854637085879,8065925,41116,0.509749346789116,0.9054228610596072
3,512,simd,0.237,19.94,8.215189873417723,23438720,9458784,2.477984485109291,3295682,18653,0.5659830044282185,0.7958199082543757,3664080,41307,1.1273498395231545,1.762340264314775
3,512,optimized,0.144,32.78,13.520833333333334,21463638,9276195,2.3138407504370058,2927642,18513,0.6323519064147871,0.8625285238224759,3411868,49546,1.452166379238587,2.308369159040047
3,1024,naive,7.719,2.45,1.0,169372257,45111414,3.75453221218027,23515490,24943,0.10607050926857149,0.14726732961939568,28903572,92709,0.32075274294817263,0.5473682741324041
3,1024,reorder,4.906,3.85,1.5733795352629434,139643495,39416328,3.5427829553275485,19228571,33931,0.17646137094639014,0.24298303333069685,28799538,98771,0.3429603627669305,0.7073082781263818
3,1024,unroll,2.752,6.86,2.804869186046512,96000216,34146176,2.811448520619117,11589724,25646,0.22128223243279996,0.2671452322565608,20636169,89165,0.4320811677787675,0.9287999935333479
3,1024,tile,7.798,2.42,0.9898691972300591,172088694,45122548,3.81380710149613,23412432,28470,0.12160206167390042,0.16543794562122716,29884254,93909,0.31424241006651865,0.5457011603562986
3,1024,simd,1.004,18.81,7.688247011952192,84116152,34722794,2.422505285720959,11467773,25159,0.21938871653633188,0.299098322995089,12257150,93806,0.765316570328339,1.1151960446312381
3,1024,optimized,0.665,28.39,11.607518796992482,76249197,32735819,2.329228329372178,9997362,24570,0.24576483276288283,0.3222329016789514,11251668,125717,1.1173187833128384,1.648764904370075
3,2048,naive,31.197,2.42,1.0,668756041,182771927,3.658964765414986,92416503,47091,0.05095518491973236,0.07041581251301175,113009239,275048,0.243385410284906,0.41128301374103027
3,2048,reorder,20.487,3.69,1.52277053741397,550378334,166509957,3.3053779120248046,75416424,65092,0.08631011197242659,0.11826773689823335,112782060,307694,0.2728217590634539,0.5590590708100076
3,2048,unroll,10.972,6.88,2.8433284724753918,376139848,133469880,2.818162779497517,44896460,48050,0.10702402817504988,0.12774504019047725,80135757,293457,0.36619982263348433,0.7801805673085719
3,2048,tile,31.223,2.42,0.9991672805303783,680345601,178187253,3.818149668652224,92162652,61863,0.06712371948671789,0.09092878664765557,117091402,301635,0.25760644662876275,0.4433555527611915
3,2048,simd,4.08,18.5,7.646323529411764,328494546,118976031,2.7610144937512664,44385318,46402,0.10454357902764153,0.14125653093795962,46597201,318035,0.6825195358837111,0.9681591486757896
3,2048,optimized,2.607,28.96,11.966628308400459,296779470,115898155,2.5606919281847067,38468625,45951,0.11945059122856613,0.15483213848990296,42510104,411299,0.9675323306666105,1.3858741644090138
3,4096,naive,122.314,2.47,1.0,2670936931,696227684,3.836298085210872,368704394,129037,0.0349974131309105,0.0483115114034866,450681820,1404054,0.3115399684859709,0.5256784552656291
3,4096,reorder,81.133,3.72,1.5075739834592583,2200755966,620363557,3.5475261903561495,301561138,164966,0.054703998364669916,0.07495878804765217,450495500,1407216,0.3123707118051124,0.6394239169360043
3,4096,unroll,43.769,6.9,2.7945349448239623,1505038361,536370577,2.805967414204378,179632210,131273,0.0730787646603023,0.08722236150364808,320246815,1336310,0.41727503207174754,0.8878909897765722
3,4096,tile,125.451,2.41,0.9749942208511689,2722108904,715465286,3.8046694329765147,368780681,194639,0.05277906626567567,0.07150301727972305,468081040,1223885,0.26146861235823604,0.4496091240881522
3,4096,simd,22.582,13.37,5.416437870870604,1314343783,472146081,2.783765101292877,177560314,128334,0.07227628579210556,0.0976411207325656,186064995,1480386,0.7956284308072026,1.1263308878146077
3,4096,optimized,11.732,25.74,10.425673371974089,1188428266,465412486,2.553494591891976,154051818,127665,0.08287146601541567,0.1074233958013247,169915707,2666882,1.5695323564171735,2.244041206606575
9,256,naive,4.246,2.5,1.0,45445850,13284646,3.4209304485795107,7116284,82611,1.1608727251470008,1.81778974317787,11993571,28691,0.23921982868988725,0.6313227720462925
9,256,reorder,2.741,3.87,1.5490696825975923,45084685,10203613,4.418502054125338,6488005,40399,0.6226721465226984,0.8960692527850643,12015854,28086,0.23374118893255527,0.6229609899681012
9,256,unroll,1.442,7.36,2.9445214979195566,17146338,6992193,2.452211773902694,1902309,17842,0.9379128206826546,1.0405720451795595,7354913,28770,0.39116710150072476,1.67790930051653
9,256,tile,4.172,2.54,1.0177372962607865,46039358,13313891,3.4579942107081996,7116172,82507,1.1594295359921036,1.792097100919609,12061588,27814,0.23059981819972628,0.6041352705222345
9,256,simd,0.651,16.3,6.5222734254992325,11668757,5426011,2.1505221791846716,1893007,17303,0.9140483896784322,1.4828486016119797,2697463,26577,0.9852591119878197,2.2776204869121877
9,256,optimized,0.284,37.38,14.950704225352116,8779703,4534887,1.9360356718921552,1239943,16800,1.3549009914165409,1.9135043634163935,2114376,28571,1.351273378055748,3.2542103075696294
9,512,naive,16.939,2.51,1.0,172239756,44539359,3.8671359414939044,26763393,238608,0.8915461503703959,1.3853247678776321,45596202,47802,0.10483767924354753,0.2775317447616449
9,512,reorder,10.47,4.06,1.6178605539637056,170188478,32267790,5.274252683558434,24193707,65570,0.2710208898537128,0.3852787260956644,45629272,47490,0.1040779261172521,0.2790435672149321
9,512,unroll,5.736,7.4,2.953103207810321,58930127,20875693,2.8229063820779507,5894572,32931,0.5586665155672031,0.5588143395652279,27011217,48361,0.17904043346140236,0.8206498519848769
9,512,tile,16.613,2.56,1.0196231866610486,174646970,45530538,3.8358204772366187,26772028,274577,1.0256115076526888,1.5721830158290178,45874184,51036,0.11125211513299069,0.29222379294642215
9,512,simd,2.605,16.3,6.502495201535509,37042514,14176096,2.613026463703406,5858855,19610,0.3347070374672184,0.5293917146120266,8390968,41613,0.4959260957734555,1.1233848760912932
9,512,optimized,1.136,37.4,14.911091549295776,25518123,11035726,2.3123193707418976,3246487,18788,0.5787178571791601,0.7362610486672551,6065794,48389,0.797735630323087,1.8962601598871516
9,1024,naive,66.954,2.54,1.0,679116662,171332171,3.963742816286382,105307655,965411,0.9167529179146569,1.4215687142130522,179930214,109401,0.06080190623237963,0.1610930877145818
9,1024,reorder,41.271,4.12,1.622301373846042,669534615,120000661,5.579424391670643,94887326,118198,0.12456668870613975,0.17653754914523725,179973192,142525,0.07919234993620605,0.2128717422623474
9,1024,unroll,22.96,7.4,2.9161149825783967,226037241,75662103,2.9874564945676965,21864305,98162,0.448960074422672,0.4342735717606817,105630313,128993,0.12211740771799096,0.5706714496661194
9,1024,tile,64.813,2.62,1.0330334963664696,688612809,173288876,3.973785420594453,105308629,963230,0.9146733835078226,1.3987976805119233,181020446,134316,0.0741993531493122,0.19505300837353434
9,1024,simd,10.421,16.3,6.424911236925439,138548184,50083193,2.766360842848019,21716647,27098,0.12477985206463962,0.19558538565904265,31173011,94877,0.30435622660897277,0.6847942517961838
9,1024,optimized,5.129,33.12,13.054006628972509,92555701,40035019,2.3118685418882903,11290768,25777,0.2283015646057026,0.2785025635535946,21887444,175932,0.8038033129862034,1.9008229433646664
9,2048,naive,270.169,2.52,1.0,2709056927,692151991,3.9139624854449058,419869896,2950363,0.7026850527049932,1.0890738288276656,717412389,407997,0.056870637621508936,0.15060480860836484
9,2048,reorder,164.132,4.14,1.6460470840542976,2668987866,481356805,5.544718259462438,378064284,233940,0.06187836563794532,0.0876512040313637,717504247,580296,0.08087701256491657,0.21742174529616237
9,2048,unroll,90.561,7.5,2.983281986727178,896860089,306274375,2.92828967163838,86108108,224614,0.2608511616583191,0.25044486063645094,420251491,446731,0.10630087211278924,0.4981055634866142
9,2048,tile,254.496,2.67,1.0615844649817678,2747387217,689866931,3.982488641711687,419948625,3609087,0.8594115530203249,1.3136433691137757,721846075,476944,0.06607281199111598,0.17359911884601303
9,2048,simd,59.464,11.43,4.543404412753935,546471705,203116534,2.690434373993404,85459524,51041,0.059725350213745636,0.09340099319506395,122298593,363116,0.29690938472203027,0.6644735613530073
9,2048,optimized,26.367,25.77,10.246482345355936,362474234,151576938,2.391354771924473,43739894,47618,0.10886629034812018,0.13136933755131408,85159086,324390,0.38092235982899114,0.89493257609036
9,4096,naive,996.348,2.73,1.0,10834819903,2960314408,3.6600233656667727,1679070709,9062436,0.5397292652074964,0.8364177790800885,2868929283,1591339,0.05546804549800401,0.14687267663391268
9,4096,reorder,726.037,3.74,1.372310226613795,10670809046,2126087346,5.018989020406878,1511630627,508921,0.03366702095802403,0.0476928223348511,2869117648,2346817,0.08179577444779637,0.21992868487134204
9,4096,unroll,400.766,6.78,2.486109101071448,3587301870,1316085384,2.7257364253199547,344319367,170721,0.04958216596628443,0.04759036350626383,1680572372,1741748,0.10364016623260304,0.48553148386143485
9,4096,tile,1105.586,2.46,0.901194479669605,10989751665,2770691689,3.9664289277044857,1679677406,14983840,0.8920665329232867,1.363437542244045,2886981248,1836423,0.06361049283822712,0.16710322998913735
9,4096,simd,244.214,11.13,4.079815244007305,2186242076,810193746,2.6984188495574983,341843464,137858,0.0403278150726907,0.06305706102419739,488870351,1441834,0.2949317742527609,0.6595033623348854
9,4096,optimized,111.227,24.44,8.957789026045834,1449848324,608798324,2.3814919766434834,174879827,131833,0.07538490989014987,0.090928821875853,340213511,4123215,1.211949222087185,2.843894034808016
15,256,naive,11.896,2.48,1.0,105744252,30662710,3.448627078298037,16969367,82950,0.4888220049693073,0.7844398010399658,30898914,32109,0.10391627356223587,0.30364771032660953
15,256,reorder,7.527,3.92,1.5804437358841505,111788155,21383230,5.227842332519455,15995116,79709,0.49833336626005087,0.7130361888520299,30971005,29114,0.09400405314583753,0.26043904204340795
15,256,unroll,3.812,7.74,3.120671563483736,32945471,12365577,2.6642890178112997,3134870,25701,0.8198426091034078,0.7801072262709494,17974980,27971,0.1556107433777395,0.8490089578625238
15,256,tile,11.934,2.47,0.9968158203452322,106718599,30215398,3.5319276284230976,16968762,83539,0.4923105174084002,0.7827970080454297,30963362,33047,0.1067293661457047,0.309664859824481
15,256,simd,2.23,13.22,5.334529147982063,18022958,8809890,2.045764249042837,3124313,25214,0.8070254164675562,1.398993439367722,5059640,30058,0.5940738866796847,1.6677617514283727
15,256,optimized,0.802,36.78,14.83291770573566,10781223,5798720,1.8592418671706858,1398432,18183,1.3002419853092606,1.6865433541259651,3446737,27289,0.7917343272782343,2.5311599620933545
15,512,naive,47.535,2.48,1.0,413265749,113790754,3.631804294046597,66149366,283027,0.42786048773317037,0.6848547228626004,121178230,65780,0.054283677852036624,0.15917118744820055
15,512,reorder,29.093,4.05,1.6338981885676966,435600029,74075650,5.880475284388325,62065240,143314,0.23090863742732648,0.32900365119121694,121258071,61237,0.050501380646241684,0.14058079872166399
15,512,unroll,15.177,7.77,3.1320419055149236,122220128,41907446,2.9164298869465823,10841133,52325,0.4826525050472123,0.42812097202189153,69519122,55924,0.0804440539395765,0.45756784021695673
15,512,tile,47.655,2.48,0.9974819011646207,417181726,113674892,3.6699548920618286,66146166,289085,0.4370396917638431,0.69294741831525,121442114,66169,0.05448604097916148,0.15860953602747213
15,512,simd,8.963,13.16,5.303469820372643,62560912,27884282,2.2435905647489864,10799540,52438,0.48555771819910853,0.8381911056539585,17863981,57455,0.32162483827093186,0.9183849493754183
15,512,optimized,3.218,36.66,14.771597265382225,33481440,15700089,2.132563707122934,3873874,23487,0.6062923058416458,0.7014931257436956,11390233,49130,0.4313344599710998,1.4673801365771604
15,1024,naive,189.862,2.49,1.0,1643317411,447128411,3.675269498810712,262858592,1080367,0.41100691888359503,0.6574305078058958,482277142,168170,0.03486999182723032,0.10233567713352731
15,1024,reorder,114.291,4.13,1.6612156687753192,1729071440,283973845,6.088840470501782,246164027,272392,0.11065467335728953,0.15753657928674134,482278890,281391,0.05834611587498677,0.16274110686832005
15,1024,unroll,61.698,7.65,3.0772796525008914,479218963,160969605,2.977077337053787,41656353,157912,0.3790826335661213,0.32951951444375543,275667528,311961,0.11316566817401866,0.6509779956266046
15,1024,tile,190.539,2.48,0.9964469216275933,1659134501,447575462,3.7069380291451277,262891029,1079493,0.41062374935585955,0.6506362198781135,483375722,216050,0.04469608012294834,0.13021849637252525
15,1024,simd,52.467,8.99,3.6186936550593707,240524581,104654611,2.298270269238304,41480800,156707,0.3777820099901641,0.6515217669166213,69036484,107434,0.15561916507798979,0.4466653659818661
15,1024,optimized,19.988,23.61,9.498799279567741,124332163,57265349,2.1711587403405157,13790548,42747,0.3099731787308235,0.34381288774007734,43171110,693228,1.6057683019964044,5.575612804226691
15,2048,naive,759.045,2.49,1.0,6565579446,1790709206,3.66646880688455,1050067072,4266400,0.4062978559906695,0.6498131711130618,1926754995,574408,0.029812197269014993,0.087487784547326
15,2048,reorder,460.11,4.1,1.6497033318119578,6903901934,1128883726,6.115689131654645,982977875,543025,0.05524285071014442,0.0786547962574232,1926544083,834202,0.043300436639943735,0.12083051120580995
15,2048,unroll,243.285,7.76,3.1199827362969357,1909459078,646906130,2.951678751289619,165275752,574814,0.3477908846543926,0.30103499290598573,1100370864,1054879,0.09586576985193604,0.5524491266421369
15,2048,tile,762.873,2.47,0.9949821267760164,6628628012,1790771218,3.7015493354885938,1050101261,4265472,0.4061962553914122,0.6434924379944221,1931092481,770096,0.039878773677437356,0.1161772841387196
15,2048,simd,209.817,9.0,3.6176525257724585,954153884,418665447,2.279036617034221,164454140,572291,0.3479942797426687,0.5997889958806687,273718447,343450,0.12547564980156417,0.3599524204211068
15,2048,optimized,79.777,23.66,9.514584404026223,490358517,231726771,2.1161064597063755,53896706,114559,0.21255287846348161,0.23362294327193261,170475308,2745810,1.6106790081294353,5.599596835390543
15,4096,naive,3028.238,2.49,1.0,26257510681,7254616292,3.6194210174775705,4199235942,16976431,0.40427428309528407,0.6465361932532389,7705465274,2188971,0.028408031470676897,0.08336551878788513
15,4096,reorder,1818.838,4.15,1.6649300267533447,27600462796,4512017129,6.117100624154125,3930024982,1126143,0.02865485601638346,0.04080159844867552,7703980820,2830048,0.036734878579305706,0.10253625168959649
15,4096,unroll,983.226,7.68,3.0799002467387964,7632570788,2594476289,2.9418541307779127,659944624,2235348,0.3387175103346247,0.29286960607223395,4399867566,2855450,0.06489854426677533,0.37411379197286526
15,4096,tile,3041.492,2.48,0.9956422703068099,26511895695,7171839941,3.696665836536131,4199632116,17002697,0.4048615814519121,0.6413233212593928,7723353113,2822862,0.03654969491487499,0.10647529820104024
15,4096,simd,830.062,9.1,3.648207001404714,3815105693,1675677914,2.2767535820132556,657374489,2229442,0.3391433706822779,0.5843722767866185,1094093295,1358592,0.12417515089515287,0.356108613843323
15,4096,optimized,318.977,23.67,9.4935935819824,1956836451,925630736,2.114057339383769,214582995,391699,0.18253962761587889,0.20016951329776717,680423897,11036219,1.6219622868419037,5.639826973971266
21,256,naive,23.582,2.45,1.0,194357525,57137702,3.4015635595565255,31542241,84257,0.26712433019581583,0.43351550190814586,59241180,34725,0.0586163206067131,0.17866558035249727
21,256,reorder,14.665,3.94,1.6080463689055575,211583236,38068469,5.557965464805007,30214731,136370,0.451336137991763,0.6445217616389987,59340353,35873,0.06045296023095784,0.16954556834549975
21,256,unroll,7.365,7.85,3.201900882552614,56499742,20205066,2.7963156368803745,4971915,25786,0.5186331624736142,0.45639146458403296,33925215,29478,0.08689112213437704,0.5217368957189221
21,256,tile,23.624,2.45,0.998222146969184,195779441,56578614,3.4603081828763074,31545122,83607,0.2650393934123951,0.4270468828236158,59321880,33226,0.056009688162276715,0.16971138455748272
21,256,simd,5.509,10.49,4.280631693592303,27405483,16227939,1.6887839546352743,4958481,25587,0.5160249681303608,0.9336452855072834,8618617,35769,0.4150201824724315,1.3051767779462233
21,256,optimized,1.565,36.93,15.068370607028754,13730503,7451983,1.842530102390196,1626982,18168,1.1166687769133279,1.3231853195764205,5441546,27697,0.5089913785530803,2.0171875713511738
21,512,naive,94.938,2.44,1.0,767636231,218693215,3.5101053820988457,124425223,287319,0.23091700627291623,0.3742905668036401,234531921,69858,0.02978613729940838,0.0910040422518827
21,512,reorder,56.447,4.1,1.6818962920970113,833609344,136999795,6.084748842142428,118851393,256678,0.2159654956673499,0.30791161573160103,234680552,109539,0.046675789308693975,0.13140327755251263
21,512,unroll,29.149,7.93,3.2569899481971936,216165311,73116259,2.9564602176924835,18142754,53088,0.2926126871366938,0.24558982083855257,133255297,75303,0.056510323938567336,0.34835839132394375
21,512,tile,94.714,2.44,1.0023650146757608,773085701,218228854,3.5425457579500463,124416482,282888,0.22737180432412485,0.36592062126369607,234786279,82430,0.035108525230301044,0.10662465997414691
21,512,simd,21.933,10.54,4.328546026535358,99900230,56999376,1.752654800992909,18105888,52675,0.2909274596197657,0.5272760633283827,32058951,54734,0.17072922941240343,0.5478866264872463
21,512,optimized,6.282,36.8,15.112702960840497,45317016,22668771,1.9990945252391494,4802044,35322,0.7355617732782124,0.779442318090847,19379071,65740,0.3392319477027562,1.4506692144072328
21,1024,naive,379.08,2.44,1.0,3060544056,866282358,3.532963620621257,495934292,1222749,0.24655463833099892,0.3995201433558452,935651542,201808,0.021568713451658054,0.06593860317232433
21,1024,reorder,226.277,4.09,1.6752917883832648,3318959838,529236847,6.271218371913549,473201663,501214,0.10591974610199119,0.1510153856824103,935871954,382134,0.04083186790315975,0.11513667493797496
21,1024,unroll,117.969,7.84,3.2133865676576048,855168853,285609940,2.9941844916181837,70899117,159584,0.22508601905436987,0.1866110995976604,530672324,154984,0.02920521628710375,0.18123204494212328
21,1024,tile,379.335,2.44,0.9993277709676144,3082962588,865502116,3.562050896245296,496009278,1081025,0.21794451191697264,0.3506448648477728,936817019,277520,0.029623714596500084,0.09001731032358541
21,1024,simd,128.08,7.22,2.959712679575265,389940855,220453947,1.7688086800278517,70722152,157483,0.22267846148120604,0.403863811602916,125834129,129008,0.10252226564066733,0.3308399167355778
21,1024,optimized,38.184,24.22,9.92771841609051,171586678,85106303,2.0161453611726032,17496420,71392,0.40803775858146984,0.4160695971979829,75102394,828617,1.1033163603280078,4.829145302294389
21,2048,naive,1514.396,2.44,1.0,12235156259,3460832232,3.5353219800340785,1982451481,4535444,0.22877957132712295,0.3706895035904257,3740329880,717760,0.0191897512526355,0.05866373790461617
21,2048,reorder,897.813,4.12,1.6867610515775557,13255969088,2099292414,6.31449387402969,1890251417,1001558,0.05298543839155339,0.07555524559171331,3740021061,1095657,0.029295476740097425,0.08265385900694702
21,2048,unroll,476.201,7.77,3.1801613184348625,3412348263,1149893886,2.9675331824488023,282054461,833830,0.2956273044020389,0.24435665287778394,2120131416,579141,0.027316278398093412,0.16971919492497595
21,2048,tile,1517.017,2.44,0.9982722672191544,12324156320,3466846452,3.5548607331283097,1982615228,4273565,0.2155519104083064,0.3467632906493351,3744843417,1012360,0.02703344004730118,0.08214436540025971
21,2048,simd,512.044,7.22,2.9575505230019297,1551400192,882325549,1.758308136671672,281327961,575788,0.2046678893748496,0.3711408590569518,500819373,414852,0.08283465504039118,0.26740489149043495
21,2048,optimized,151.922,24.35,9.96824686352207,678737550,341237978,1.989044578150677,68593336,222342,0.3241451910138909,0.32758169928862785,298049744,3218916,1.0799928752832615,4.742504669146418
21,4096,naive,6076.821,2.44,1.0,48937543475,13875129234,3.5269973093354756,7928986143,18125233,0.22859458539981967,0.3703748025124998,14960164157,3101366,0.020730828669074743,0.06337396157991357
21,4096,reorder,3522.121,4.2,1.7253299929218786,52996250421,8387402786,6.318553165165711,7557854442,2043109,0.02703292337367828,0.03855195384144402,14956614213,3827151,0.02558835138418904,0.07221550524041366
21,4096,unroll,1919.387,7.71,3.1660217559043593,13647890716,4912544161,2.778171608990041,1127646706,2769056,0.24556059848056702,0.2028925976637341,8479757483,2673599,0.031529191788326055,0.19589833005224952
21,4096,tile,6087.783,2.43,0.9981993444904327,49293819885,13960906024,3.5308467659806375,7929536948,17048458,0.21499941436429007,0.34585386240654903,14978333010,4459792,0.029774955577650093,0.09047365390640186
21,4096,simd,2038.493,7.26,2.9810359908030097,6201536020,3521604390,1.7609973560942773,1124365026,2235690,0.19884022966754925,0.3605058477109353,2001950910,1626255,0.0812335103661458,0.2622342262876996
21,4096,optimized,605.269,24.45,10.039868223880621,2711082856,1364082174,1.9874776664297937,273445170,1062875,0.3886976683479178,0.39204814328994453,1190900364,12988740,1.0906655495824502,4.790978619946686
